INSERT INTO BLOG(BLOG_NUM,USERR_NUM,BLOG_NAME,BLOG_BACK,BLOG_INT,STATE)
    VALUES('B01','U01','콩들의 반란','N','콩들의 반란 대장 이지은','Y');

INSERT INTO BLOG(BLOG_NUM,USERR_NUM,BLOG_NAME,BLOG_BACK,BLOG_INT,STATE)
    VALUES('B02','U02','콩','Y','콩콩콩들','Y');

INSERT INTO BLOG(BLOG_NUM,USERR_NUM,BLOG_NAME,BLOG_BACK,BLOG_INT,STATE)
    VALUES('B03','U03','떡볶이가 좋아 사람','Y','떡볶이를 좋아하는 사람의 떡볶이 정보로그','Y');
    
INSERT INTO BLOG(BLOG_NUM,USERR_NUM,BLOG_NAME,BLOG_BACK,BLOG_INT,STATE)
    VALUES('B04','U04','포켓몬 연구소','Y','포켓몬을 탐구하는 블로그 핏카츄-!','Y');
    
INSERT INTO BLOG(BLOG_NUM,USERR_NUM,BLOG_NAME,BLOG_BACK,BLOG_INT,STATE)
    VALUES('B05','U05','디저트','N','디저트 공부하기','Y');
    
INSERT INTO BLOG(BLOG_NUM,USERR_NUM,BLOG_NAME,BLOG_BACK,BLOG_INT,STATE)
    VALUES('B06','U06','단비는 무서워','Y','나는야 이단비 크아앙','Y');

INSERT INTO BLOG(BLOG_NUM,USERR_NUM,BLOG_NAME,BLOG_BACK,BLOG_INT,STATE)
    VALUES('B07','U07','상남자가 되는 길','Y','나는야 상남자','Y');



INSERT INTO USERR(USERR_NUM,USERR_ID,USERR_PW,USERR_NIC,USERR_NAME)
    VALUES('U01','JI822','JI1234','EUNKONG','이지은');

INSERT INTO USERR(USERR_NUM,USERR_ID,USERR_PW,USERR_NIC,USERR_NAME)
    VALUES('U02','YEKKKONG','YE32156','YEKONG','한예성');

INSERT INTO USERR(USERR_NUM,USERR_ID,USERR_PW,USERR_NIC,USERR_NAME)
    VALUES('U03','BEAR','BEARS12','고미녕','고민영');

INSERT INTO USERR(USERR_NUM,USERR_ID,USERR_PW,USERR_NIC,USERR_NAME)
    VALUES('U04','MONSTER','POKEMONSTER','핏카츄','전지환');

INSERT INTO USERR(USERR_NUM,USERR_ID,USERR_PW,USERR_NIC,USERR_NAME)
    VALUES('U05','SOSO','SOSOSO1','디저트시러','강소임');
    
INSERT INTO USERR(USERR_NUM,USERR_ID,USERR_PW,USERR_NIC,USERR_NAME)
    VALUES('U06','GANGNAM','BASEBALL','단비짱','유강남');

INSERT INTO USERR(USERR_NUM,USERR_ID,USERR_PW,USERR_NIC,USERR_NAME)
    VALUES('U07','SANG','WO','상남자','이상우');



INSERT INTO CATEGORY(CATE_NUM,BLOG_NUM,CATE_NAME,CATE_CLASS,STATE)
    VALUES('C01','B01','일기','콩','Y');
    
INSERT INTO CATEGORY(CATE_NUM,BLOG_NUM,CATE_NAME,CATE_CLASS,STATE)
    VALUES('C02','B01','사진','콩','Y');
    
INSERT INTO CATEGORY(CATE_NUM,BLOG_NUM,CATE_NAME,CATE_CLASS,STATE)
    VALUES('C03','B02','콩들과의 하루','콩들','Y');

INSERT INTO CATEGORY(CATE_NUM,BLOG_NUM,CATE_NAME,CATE_CLASS,STATE)
    VALUES('C04','B03','떡볶이','음식','Y');

INSERT INTO CATEGORY(CATE_NUM,BLOG_NUM,CATE_NAME,CATE_CLASS,STATE)
    VALUES('C05','B04','전지환','피카츄','Y');

INSERT INTO CATEGORY(CATE_NUM,BLOG_NUM,CATE_NAME,CATE_CLASS,STATE)
    VALUES('C06','B05','강소임','쿵야','Y');

INSERT INTO CATEGORY(CATE_NUM,BLOG_NUM,CATE_NAME,CATE_CLASS,STATE)
    VALUES('C07','B06','유강남','야구','Y');

INSERT INTO CATEGORY(CATE_NUM,BLOG_NUM,CATE_NAME,CATE_CLASS,STATE)
    VALUES('C08','B07','상남자1','상남자','Y');

INSERT INTO CATEGORY(CATE_NUM,BLOG_NUM,CATE_NAME,CATE_CLASS,STATE)
    VALUES('C09','B07','상남자2','상남자','Y');

INSERT INTO CATEGORY(CATE_NUM,BLOG_NUM,CATE_NAME,CATE_CLASS,STATE)
    VALUES('C10','B07','상남자3','상남자','Y');



INSERT INTO POST(POST_NUM,BLOG_NUM,CATE_NUM,FILE_NUM,POST_TITLE,POST_CON,POST_TIME,STATE)
    VALUES(101,'B01','C01',NULL,'오늘은 멀뚱멀뚱','오늘은 멀뚱멀뚱 하루를 보내보아써요~~ 룰루 아주 신나는 하루 입니다',SYSDATE,'Y');

INSERT INTO POST(POST_NUM,BLOG_NUM,CATE_NUM,FILE_NUM,POST_TITLE,POST_CON,POST_TIME,STATE)
    VALUES(102,'B01','C02','F01','콩들 사진 모음 01','콩들과 즐거웠던 날들',SYSDATE,'Y');

INSERT INTO POST(POST_NUM,BLOG_NUM,CATE_NUM,FILE_NUM,POST_TITLE,POST_CON,POST_TIME,STATE)
    VALUES(103,'B02','C03','F02','용나로맥','용나로맥에서 만취한 나 정말 최고 사람...',SYSDATE,'Y');

INSERT INTO POST(POST_NUM,BLOG_NUM,CATE_NUM,FILE_NUM,POST_TITLE,POST_CON,POST_TIME,STATE)
    VALUES(104,'B03','C04',NULL,'떡볶이','엽떡먹고싶어요.',SYSDATE,'Y');

INSERT INTO POST(POST_NUM,BLOG_NUM,CATE_NUM,FILE_NUM,POST_TITLE,POST_CON,POST_TIME,STATE)
    VALUES(105,'B03','C04','F03','떡볶이 맛집','떡볶이 맛집 공유합니다',SYSDATE,'Y');

INSERT INTO POST(POST_NUM,BLOG_NUM,CATE_NUM,FILE_NUM,POST_TITLE,POST_CON,POST_TIME,STATE)
    VALUES(106,'B04','C05',NULL,'몬스터 잡을 사람','몬스터 같이 잡을 사람 구합니다',SYSDATE,'Y');

INSERT INTO POST(POST_NUM,BLOG_NUM,CATE_NUM,FILE_NUM,POST_TITLE,POST_CON,POST_TIME,STATE)
    VALUES(107,'B05','C06',NULL,'쿵야 알아요 ?','여러분 요즘 사람들은 쿵야 아나요?',SYSDATE,'Y');

INSERT INTO POST(POST_NUM,BLOG_NUM,CATE_NUM,FILE_NUM,POST_TITLE,POST_CON,POST_TIME,STATE)
    VALUES(108,'B06','C07','F04','오늘의 야구','야구는 오늘도 즐겁네요',SYSDATE,'Y');

INSERT INTO POST(POST_NUM,BLOG_NUM,CATE_NUM,FILE_NUM,POST_TITLE,POST_CON,POST_TIME,STATE)
    VALUES(109,'B07','C08',NULL,'상남자의 법칙1','나에게 눈물이란 없다.',SYSDATE,'Y');

INSERT INTO POST(POST_NUM,BLOG_NUM,CATE_NUM,FILE_NUM,POST_TITLE,POST_CON,POST_TIME,STATE)
    VALUES(110,'B07','C09',NULL,'상남자는 강하다','이상',SYSDATE,'Y');

INSERT INTO POST(POST_NUM,BLOG_NUM,CATE_NUM,FILE_NUM,POST_TITLE,POST_CON,POST_TIME,STATE)
    VALUES(111,'B07','C10','F05','상남자의 하루','나의 하루',SYSDATE,'Y');



INSERT INTO HEART(POST_NUM,BLOG_NUM)
    VALUES(101,'B02');
    
INSERT INTO HEART(POST_NUM,BLOG_NUM)
    VALUES(101,'B03');

INSERT INTO HEART(POST_NUM,BLOG_NUM)
    VALUES(101,'B04');
    
INSERT INTO HEART(POST_NUM,BLOG_NUM)
    VALUES(101,'B06');

INSERT INTO HEART(POST_NUM,BLOG_NUM)
    VALUES(102,'B02');

INSERT INTO HEART(POST_NUM,BLOG_NUM)
    VALUES(102,'B03');

INSERT INTO HEART(POST_NUM,BLOG_NUM)
    VALUES(103,'B01');

INSERT INTO HEART(POST_NUM,BLOG_NUM)
    VALUES(103,'B03');

INSERT INTO HEART(POST_NUM,BLOG_NUM)
    VALUES(103,'B04');

INSERT INTO HEART(POST_NUM,BLOG_NUM)
    VALUES(103,'B07');

INSERT INTO HEART(POST_NUM,BLOG_NUM)
    VALUES(104,'B01');

INSERT INTO HEART(POST_NUM,BLOG_NUM)
    VALUES(104,'B02');

INSERT INTO HEART(POST_NUM,BLOG_NUM)
    VALUES(104,'B06');

INSERT INTO HEART(POST_NUM,BLOG_NUM)
    VALUES(105,'B04');

INSERT INTO HEART(POST_NUM,BLOG_NUM)
    VALUES(105,'B05');

INSERT INTO HEART(POST_NUM,BLOG_NUM)
    VALUES(105,'B06');







